{
  "danse": {
    "N3czdZhpTlZIDA1F2E6Sv2kgpkg1": {
      "MAP1": 0,
      "MAP2": 0,
      "MAP3": 190.49229551967107,
      "MAP4": 208.6677847871115,
      "N1": 0,
      "N2": 0,
      "PAR1": 7.72400508791358,
      "PAR2": 8.344328034797586,
      "PJ1": 0,
      "PJ2": 0,
      "THETA1": 17.391434649943434,
      "THETA2": 51.12153190690242,
      "n": 15,
      "taille": 150.44052857357526,
      "text": ""
    },
    "f3dXBecBLzcfQt5ETala4NDIPvD2": {
      "MAP1": 0,
      "MAP2": 0,
      "MAP3": 20,
      "MAP4": 20,
      "N1": 0,
      "N2": 0,
      "PAR1": 10,
      "PAR2": 10,
      "PJ1": 0,
      "PJ2": 0,
      "THETA1": 55,
      "THETA2": 58.981649004910835,
      "n": 8,
      "taille": 140,
      "text": ""
    },
    "mE8Oinja9Ea82ZXpo1OGDdKkmXA2": {
      "MAP1": 0,
      "MAP2": 0,
      "MAP3": 20,
      "MAP4": 20,
      "N1": 0,
      "N2": 0,
      "PAR1": 0,
      "PAR2": 0,
      "PJ1": 0,
      "PJ2": 0,
      "THETA1": 55,
      "THETA2": 23,
      "n": 8,
      "taille": 140,
      "text": ""
    }
    
    
  }
}